battle,combatant,fullname,rank,first_name,last_name,middle_name,suffix
VA058,US,David M. Gregg,Brigadier General,David,Gregg,M.,
VA058,CS,Fitzhugh Lee,Major General,Fitzhugh,Lee,,
VA058,CS,Wade Hampton,Major General,Wade,Hampton,,
LA004,US,David G. Farragut,Rear Admiral,David,Farragut,G.,
LA004,CS,Phillippe Landry,Captain,Phillippe,Landry,,
MO024,US,Samuel R. Curtis,Major General,Samuel,Curtis,R.,
MO024,CS,Sterling Price,Major General,Sterling,Price,,
KY003,US,William Nelson,Brigadier General,William,Nelson,,
KY003,US,Joshua W. Sill,Colonel,Joshua,Sill,W.,
KY003,CS,John S. Williams,Colonel,John,Williams,S.,
TN031,US,C.C. Washburn,Major General,C.C.,Washburn,,
TN031,CS,Nathan Bedford Forrest,Brigadier General,Nathan,Forrest,Bedford,
VA116,US,George Crook,Brigadier General,George,Crook,,
VA116,CS,Jubal A. Early,Lieutenant General,Jubal,Early,A.,
MN001,I,Little Crow,Chief,Little,Crow,,
MN001,US,Timothy J. Sheehan,First Lieutenant,Timothy,Sheehan,J.,
MO029,US,James G. Blunt,Major General,James,Blunt,G.,
MO029,CS,Sterling Price,Major General,Sterling,Price,,
TN033,US,Alvan C. Gillem,Brigadier General,Alvan,Gillem,C.,
TN033,CS,John C. Breckinridge,Major General,John,Breckinridge,C.,
VA088,US,Philip Sheridan,Major General,Philip,Sheridan,,
VA088,CS,George Pickett,Major General,George,Pickett,,
LA013,US,Joseph D. Bullen,Major,Joseph,Bullen,D.,
LA013,CS,Tom Green,Brigadier General,Tom,Green,,
VA090,US,Nelson A. Miles,Major General,Nelson,Miles,A.,
VA090,CS,Henry Heth,Major General,Henry,Heth,,
VA090,CS,Cadmus Wilcox,Major General,Cadmus,Wilcox,,
VA069,US,Winfield Scott Hancock,Major General,Winfield,Hancock,Scott,
VA069,CS,Charles Field,Major General,Charles,Field,,
FL005,US,Truman Seymour,Brigadier General,Truman,Seymour,,
FL005,CS,Joseph Finegan,Brigadier General,Joseph,Finegan,,
SC004,US,S.F. Du Pont,Rear Admiral,S.F.,Pont,Du,
SC004,CS,P.G.T. Beauregard,General,P.G.T.,Beauregard,,
NC010,US,Hiram Anderson,Lieutenant Colonel,Hiram,Anderson,,
NC010,CS,D.H. Hill,Major General,D.H.,Hill,,
KY011,US,Stephen Gano Burbridge,Brigadier General,Stephen,Burbridge,Gano,
KY011,CS,John Hunt Morgan,Brigadier General,John,Morgan,Hunt,
MS015,US,A.J. Smith,Major General,A.J.,Smith,,
MS015,CS,Stephen D. Lee,Lieutenant General,Stephen,Lee,D.,
MS015,CS,Nathan Bedford Forrest,Major General,Nathan,Forrest,Bedford,
VA080,US,Benjamin Butler,Major General,Benjamin,Butler,,
VA080,CS,James Longstreet,Lieutenant General,James,Longstreet,,
NC014,US,David D. Porter,Rear Admiral,David,Porter,D.,
NC014,US,Benjamin Butler,Major General,Benjamin,Butler,,
NC014,CS,Robert Hoke,Major General,Robert,Hoke,,
LA020,US,Thomas Kilby Smith,Brigadier General,Thomas,Smith,Kilby,
LA020,US,David D. Porter,Rear Admiral,David,Porter,D.,
LA020,CS,Tom Green,Brigadier General,Tom,Green,,
VA082,US,George Stoneman,Major General,George,Stoneman,,
VA082,CS,John C. Breckinridge,Major General,John,Breckinridge,C.,
KY001,US,Isaac J. Black,Captain,Isaac,Black,J.,
KY001,CS,Joel A. Battle,Colonel,Joel,Battle,A.,
TN025,US,Ambrose E. Burnside,Major General,Ambrose,Burnside,E.,
TN025,CS,James Longstreet,Lieutenant General,James,Longstreet,,
TN006,US,Thomas T. Crittenden,Brigadier General,Thomas,Crittenden,T.,
TN006,CS,Nathan Bedford Forrest,Brigadier General,Nathan,Forrest,Bedford,
WV001,US,Thomas A. Morris,Colonel,Thomas,Morris,A.,
WV001,CS,George A. Porterfield,Colonel,George,Porterfield,A.,
MO001,US,Nathaniel Lyon,Brigadier General,Nathaniel,Lyon,,
MO001,CS,John S. Marmaduke,Colonel,John,Marmaduke,S.,
LA017,US,A.J. Smith,Brigadier General,A.J.,Smith,,
LA017,US,Joseph A. Mower,Brigadier General,Joseph,Mower,A.,
LA017,CS,William Byrd,Lieutenant Colonel,William,Byrd,,
VA055,US,Ulysses S. Grant,Lieutenant General,Ulysses,Grant,S.,
VA055,US,George G. Meade,Major General,George,Meade,G.,
VA055,CS,Robert E. Lee,General,Robert,Lee,E.,
VA099,US,Philip Sheridan,Major General,Philip,Sheridan,,
VA099,CS,Wade Hampton,Major General,Wade,Hampton,,
LA023,US,Joseph A. Mower,Brigadier General,Joseph,Mower,A.,
LA023,CS,Richard Taylor,Major General,Richard,Taylor,,
MS010,US,John A. McClernand,Major General,John,McClernand,A.,
MS010,CS,John S. Bowen,Brigadier General,John,Bowen,S.,
KS003,US,Alfred Pleasonton,Major General,Alfred,Pleasonton,,
KS003,CS,John S. Marmaduke,Brigadier General,John,Marmaduke,S.,
KS003,CS,James F. Fagan,Major General,James,Fagan,F.,
GA027,US,H. Judson Kilpatrick,Brigadier General,H.,Kilpatrick,Judson,
GA027,CS,Joseph Wheeler,Major General,Joseph,Wheeler,,
AL005,US,E.R.S. Canby,Major General,E.R.S.,Canby,,
AL005,CS,Randall L. Gibson,Brigadier General,Randall,Gibson,L.,
VA018,US,George B. McClellan,Major General,George,McClellan,B.,
VA018,CS,John B. Magruder,Major General,John,Magruder,B.,
MO011,US,W.M.G. Torrence,Major,W.M.G.,Torrence,,
MO011,CS,J.A. Poindexter,Colonel,J.A.,Poindexter,,
AL002,US,Emil Adams,Captain,Emil,Adams,,
AL002,CS,Moses W. Hannon,Lieutenant Colonel,Moses,Hannon,W.,
VA105,US,John C. Frémont,Major General,John,Frémont,C.,
VA105,CS,Richard S. Ewell,Major General,Richard,Ewell,S.,
MO020,US,John McNeil,Brigadier General,John,McNeil,,
MO020,CS,John S. Marmaduke,Brigadier General,John,Marmaduke,S.,
VA064,US,David Hunter,Major General,David,Hunter,,
VA064,CS,Jubal A. Early,Lieutenant General,Jubal,Early,A.,
AR016,US,Frederick Steele,Major General,Frederick,Steele,,
AR016,CS,E. Kirby Smith,General,E.,Smith,Kirby,
AR005,US,Francis J. Herron,Brigadier General,Francis,Herron,J.,
AR005,US,James G. Blunt,Brigadier General,James,Blunt,G.,
AR005,CS,Thomas C. Hindman,Major General,Thomas,Hindman,C.,
VA001,US,D.L. Braine,Lieutenant (Naval),D.L.,Braine,,
VA001,CS,Walter Gwynn,Brigadier General,Walter,Gwynn,,
VA001,CS,Peyton Colquitt,Captain,Peyton,Colquitt,,
GA007,US,William T. Sherman,Major General,William,Sherman,T.,
GA007,CS,Joseph E. Johnston,General,Joseph,Johnston,E.,
MS009,US,Ulysses S. Grant,Major General,Ulysses,Grant,S.,
MS009,CS,John C. Pemberton,Lieutenant General,John,Pemberton,C.,
VA074,US,George G. Meade,Major General,George,Meade,G.,
VA074,US,John G. Parke,Major General,John,Parke,G.,
VA074,US,G.K. Warren,Major General,G.K.,Warren,,
VA074,CS,A.P. Hill,Lieutenant General,A.P.,Hill,,
VA074,CS,Wade Hampton,Major General,Wade,Hampton,,
VA114,US,Horatio Wright,Major General,Horatio,Wright,,
VA114,CS,Jubal A. Early,Lieutenant General,Jubal,Early,A.,
VA049,US,George Crook,Brigadier General,George,Crook,,
VA049,CS,Albert Jenkins,Brigadier General,Albert,Jenkins,,
VA011,US,William B. Franklin,Brigadier General,William,Franklin,B.,
VA011,CS,Gustavius W. Smith,Major General,Gustavius,Smith,W.,
ID001,I,Bear Hunter,Chief,Bear,Hunter,,
ID001,US,Patrick Edward Connor,Colonel,Patrick,Connor,Edward,
NC006,US,F.A. Osborne,Lieutenant Colonel,F.A.,Osborne,,
NC006,CS,George Singletary,Colonel,George,Singletary,,
LA015,US,Godfrey Weitzel,Brigadier General,Godfrey,Weitzel,,
LA015,US,Cuvier Grover,Brigadier General,Cuvier,Grover,,
LA015,CS,Tom Green,Brigadier General,Tom,Green,,
AR014,US,James M. Williams,Colonel,James,Williams,M.,
AR014,CS,John S. Marmaduke,Brigadier General,John,Marmaduke,S.,
AR014,CS,Samuel Bell Maxey,Brigadier General,Samuel,Maxey,Bell,
VA111,US,David Hunter,Major General,David,Hunter,,
VA111,CS,William E. Jones,Brigadier General,William,Jones,E.,
VA041,US,G.K. Warren,Major General,G.K.,Warren,,
VA041,CS,J.E.B. Stuart,Major General,J.E.B.,Stuart,,
VA004,US,Irvin McDowell,Brigadier General,Irvin,McDowell,,
VA004,CS,P.G.T. Beauregard,Brigadier General,P.G.T.,Beauregard,,
VA124,US,George A. Custer,Major General,George,Custer,A.,
VA124,CS,Fitzhugh Lee,Major General,Fitzhugh,Lee,,
AR006,US,David D. Porter,Acting Rear Admiral,David,Porter,D.,
AR006,US,John A. McClernand,Major General,John,McClernand,A.,
AR006,CS,Thomas J. Churchill,Brigadier General,Thomas,Churchill,J.,
VA066,US,Philip Sheridan,Major General,Philip,Sheridan,,
VA066,CS,Wade Hampton,Major General,Wade,Hampton,,
VA070,US,Ambrose E. Burnside,Major General,Ambrose,Burnside,E.,
VA070,CS,Robert E. Lee,General,Robert,Lee,E.,
NC003,US,Ambrose E. Burnside,Brigadier General,Ambrose,Burnside,E.,
VA020B,US,George B. McClellan,Major General,George,McClellan,B.,
VA020B,CS,Robert E. Lee,General,Robert,Lee,E.,
VA102,US,Robert Milroy,Brigadier General,Robert,Milroy,,
VA102,US,Robert Schenck,Brigadier General,Robert,Schenck,,
VA102,CS,Thomas J. Jackson,Major General,Thomas,Jackson,J.,
OK005,US,Charles Willette,Major,Charles,Willette,,
OK005,CS,John Jumper,Lieutenant Colonel,John,Jumper,,
NC011,US,John G. Foster,Brigadier General,John,Foster,G.,
NC011,CS,D.H. Hill,Major General,D.H.,Hill,,
MS005,US,William T. Sherman,Major General,William,Sherman,T.,
MS005,CS,Louis Hébert,Brigadier General,Louis,Hébert,,
VA048,US,Ulysses S. Grant,Lieutenant General,Ulysses,Grant,S.,
VA048,US,George G. Meade,Major General,George,Meade,G.,
VA048,CS,Robert E. Lee,General,Robert,Lee,E.,
KY002,US,Albin F. Schoepf,Brigadier General,Albin,Schoepf,F.,
KY002,CS,Felix Zollicoffer,Brigadier General,Felix,Zollicoffer,,
LA005,US,Godfrey Weitzel,Brigadier General,Godfrey,Weitzel,,
LA005,CS,Alfred Mouton,Brigadier General,Alfred,Mouton,,
LA021,US,Nathaniel P. Banks,Major General,Nathaniel,Banks,P.,
LA021,CS,Hamilton P. Bee,Brigadier General,Hamilton,Bee,P.,
VA013,US,Fitz John Porter,Brigadier General,Fitz,Porter,John,
TN008,US,Absalom B. Moore,Colonel,Absalom,Moore,B.,
TN008,CS,John Hunt Morgan,Brigadier General,John,Morgan,Hunt,
AR004,US,James G. Blunt,Brigadier General,James,Blunt,G.,
AR004,CS,John S. Marmaduke,Brigadier General,John,Marmaduke,S.,
VA093,US,Philip Sheridan,Major General,Philip,Sheridan,,
VA093,CS,Richard S. Ewell,Lieutenant General,Richard,Ewell,S.,
VA093,CS,John B. Gordon,Major General,John,Gordon,B.,
VA115,US,William W. Averell,Brigadier General,William,Averell,W.,
VA115,CS,S.D. Ramseur,Major General,S.D.,Ramseur,,
KS001,CS,William C. Quantrill,Lieutenant Colonel,William,Quantrill,C.,
VA003,US,Ebenezer Pierce,Brigadier General,Ebenezer,Pierce,,
VA003,CS,John B. Magruder,Colonel,John,Magruder,B.,
VA003,CS,D.H. Hill,Colonel,D.H.,Hill,,
GA008,US,William T. Sherman,Major General,William,Sherman,T.,
GA008,CS,Joseph E. Johnston,General,Joseph,Johnston,E.,
SC011,US,Francis P. Blair,Major General,Francis,Blair,P.,
SC011,CS,Lafayette McLaws,Major General,Lafayette,McLaws,,
WV015,US,Wesley Merritt,Brigadier General,Wesley,Merritt,,
WV015,CS,Jubal A. Early,Lieutenant General,Jubal,Early,A.,
GA004,US,William S. Rosecrans,Major General,William,Rosecrans,S.,
GA004,US,George H. Thomas,Major General,George,Thomas,H.,
GA004,CS,Braxton Bragg,General,Braxton,Bragg,,
GA004,CS,James Longstreet,Lieutenant General,James,Longstreet,,
GA012,US,Oliver O. Howard,Major General,Oliver,Howard,O.,
GA012,CS,Patrick R. Cleburne,Major General,Patrick,Cleburne,R.,
VA036,US,H. Judson Kilpatrick,Brigadier General,H.,Kilpatrick,Judson,
VA036,CS,Thomas Munford,Colonel,Thomas,Munford,,
MO015,US,Emory S. Foster,Major,Emory,Foster,S.,
MO015,CS,Jeremiah Vard Cockrell,Colonel,Jeremiah,Cockrell,Vard,
MO015,CS,G.W. Thompson,Colonel,G.W.,Thompson,,
MO015,CS,Upton Hays,Colonel,Upton,Hays,,
MO012,US,John Pope,Brigadier General,John,Pope,,
MO012,US,Andrew H. Foote,Flag Officer,Andrew,Foote,H.,
MO012,CS,John P. McCown,Brigadier General,John,McCown,P.,
MO012,CS,William W. Mackall,Brigadier General,William,Mackall,W.,
VA119,US,Philip Sheridan,Major General,Philip,Sheridan,,
VA119,CS,Jubal A. Early,Lieutenant General,Jubal,Early,A.,
SC008,US,Quincy Gillmore,Major General,Quincy,Gillmore,,
SC008,CS,P.G.T. Beauregard,General,P.G.T.,Beauregard,,
MO025,US,Alfred Pleasonton,Major General,Alfred,Pleasonton,,
MO025,CS,James F. Fagan,Brigadier General,James,Fagan,F.,
MO025,CS,John S. Marmaduke,Brigadier General,John,Marmaduke,S.,
VA008,US,John Worden,Lieutenant,John,Worden,,
VA008,CS,Franklin Buchanan,Captain (Naval),Franklin,Buchanan,,
VA008,CS,Catesby R. Jones,Lieutenant,Catesby,Jones,R.,
VA046,US,Ulysses S. Grant,Lieutenant General,Ulysses,Grant,S.,
VA046,US,George G. Meade,Major General,George,Meade,G.,
VA046,CS,Robert E. Lee,General,Robert,Lee,E.,
MO028,US,John McNeil,Brigadier General,John,McNeil,,
MO028,CS,Sterling Price,Major General,Sterling,Price,,
MD003,US,George B. McClellan,Major General,George,McClellan,B.,
MD003,CS,Robert E. Lee,General,Robert,Lee,E.,
VA040,US,G.K. Warren,Major General,G.K.,Warren,,
VA040,CS,A.P. Hill,Lieutenant General,A.P.,Hill,,
TN028,US,Samuel D. Sturgis,Brigadier General,Samuel,Sturgis,D.,
TN028,CS,James Longstreet,Lieutenant General,James,Longstreet,,
VA021,US,George B. McClellan,Major General,George,McClellan,B.,
VA021,CS,Robert E. Lee,General,Robert,Lee,E.,
TN013,US,John Coburn,Colonel,John,Coburn,,
TN013,CS,Earl Van Dorn,Major General,Earl,Van Dorn,,
VA015,US,George B. McClellan,Major General,George,McClellan,B.,
VA015,CS,Robert E. Lee,General,Robert,Lee,E.,
TN034,US,John M. Schofield,Major General,John,Schofield,M.,
TN034,CS,John Bell Hood,General,John,Hood,Bell,
SC002,US,Henry Benham,Brigadier General,Henry,Benham,,
SC002,CS,Nathan Evans,Brigadier General,Nathan,Evans,,
TN002,US,Ulysses S. Grant,Brigadier General,Ulysses,Grant,S.,
TN002,US,Andrew H. Foote,Flag Officer,Andrew,Foote,H.,
VA086,US,Philip Sheridan,Major General,Philip,Sheridan,,
VA086,CS,George Pickett,Major General,George,Pickett,,
VA086,CS,Fitzhugh Lee,Major General,Fitzhugh,Lee,,
VA043,US,George G. Meade,Major General,George,Meade,G.,
VA043,CS,Robert E. Lee,General,Robert,Lee,E.,
MO010,US,Benjamin M. Prentiss,Brigadier General,Benjamin,Prentiss,M.,
MO010,CS,Caleb Dorsey,Colonel,Caleb,Dorsey,,
OK002,I,Opothleyahola,Chief,Opothleyahola,,,
OK002,CS,Douglas H. Cooper,Colonel,Douglas,Cooper,H.,
LA008,US,Cuvier Grover,Brigadier General,Cuvier,Grover,,
LA008,CS,Richard Taylor,Major General,Richard,Taylor,,
PA001,US,H. Judson Kilpatrick,Brigadier General,H.,Kilpatrick,Judson,
PA001,CS,J.E.B. Stuart,Major General,J.E.B.,Stuart,,
MO014,US,James T. Buel,Lieutenant Colonel,James,Buel,T.,
MO014,CS,J.T. Hughes,Colonel,J.T.,Hughes,,
MO014,CS,G.W. Thompson,Colonel,G.W.,Thompson,,
VA042,US,H. Judson Kilpatrick,Major General,H.,Kilpatrick,Judson,
VA042,CS,J.E.B. Stuart,Major General,J.E.B.,Stuart,,
TN026,US,James Shackelford,Brigadier General,James,Shackelford,,
TN026,CS,James Longstreet,Lieutenant General,James,Longstreet,,
VA047,US,Benjamin Butler,Major General,Benjamin,Butler,,
VA047,CS,Johnson Hagood,Brigadier General,Johnson,Hagood,,
AR012,US,Frederick Steele,Major General,Frederick,Steele,,
AR012,CS,John S. Marmaduke,Brigadier General,John,Marmaduke,S.,
TN035,US,John M. Schofield,Major General,John,Schofield,M.,
TN035,CS,John Bell Hood,General,John,Hood,Bell,
LA019,US,Nathaniel P. Banks,Major General,Nathaniel,Banks,P.,
LA019,CS,Richard Taylor,Major General,Richard,Taylor,,
MO005,US,J.H. Lane,Colonel,J.H.,Lane,,
MO005,CS,Sterling Price,Major General,Sterling,Price,,
MO005,CS,James S. Rains,Brigadier General,James,Rains,S.,
MS001,US,William S. Rosecrans,Major General,William,Rosecrans,S.,
MS001,CS,Sterling Price,Major General,Sterling,Price,,
VA096,US,George A. Custer,Major General,George,Custer,A.,
VA096,CS,Lindsay Walker,Brigadier General,Lindsay,Walker,,
VA068,US,James H. Wilson,Major General,James,Wilson,H.,
VA068,US,August Kautz,Brigadier General,August,Kautz,,
VA068,CS,William Mahone,Major General,William,Mahone,,
VA068,CS,Fitzhugh Lee,Major General,Fitzhugh,Lee,,
AR013,US,Frederick Steele,Major General,Frederick,Steele,,
AR013,CS,Sterling Price,Major General,Sterling,Price,,
TN030,US,Lionel F. Booth,Major,Lionel,Booth,F.,
TN030,US,William F. Bradford,Major,William,Bradford,F.,
TN030,CS,Nathan Bedford Forrest,Major General,Nathan,Forrest,Bedford,
MO016,US,Friedrich Salomon,Brigadier General,Friedrich,Salomon,,
MO016,CS,Douglas H. Cooper,Colonel,Douglas,Cooper,H.,
LA012,US,Albert Stickney,Lieutenant Colonel,Albert,Stickney,,
LA012,CS,James P. Major,Colonel,James,Major,P.,
AR010,US,John W. Davidson,Brigadier General,John,Davidson,W.,
AR010,CS,John S. Marmaduke,Brigadier General,John,Marmaduke,S.,
MS016,US,Henry W. Halleck,Major General,Henry,Halleck,W.,
MS016,CS,P.G.T. Beauregard,General,P.G.T.,Beauregard,,
GA003,US,James Negley,Major General,James,Negley,,
GA003,CS,Thomas C. Hindman,Major General,Thomas,Hindman,C.,
GA003,CS,John C. Breckinridge,Major General,John,Breckinridge,C.,
AR011,US,Powell Clayton,Colonel,Powell,Clayton,,
AR011,CS,John S. Marmaduke,Brigadier General,John,Marmaduke,S.,
OK007,US,James G. Blunt,Major General,James,Blunt,G.,
OK007,CS,Douglas H. Cooper,Brigadier General,Douglas,Cooper,H.,
WV002,US,Robert Patterson,Major General,Robert,Patterson,,
WV002,CS,Thomas J. Jackson,Brigadier General,Thomas,Jackson,J.,
VA079,US,Winfield Scott Hancock,Major General,Winfield,Hancock,Scott,
VA079,CS,Henry Heth,Major General,Henry,Heth,,
MD002,US,George B. McClellan,Major General,George,McClellan,B.,
MD002,CS,Robert E. Lee,General,Robert,Lee,E.,
GA013,US,William T. Sherman,Major General,William,Sherman,T.,
GA013,CS,Joseph E. Johnston,General,Joseph,Johnston,E.,
NC018,US,H. Judson Kilpatrick,Brigadier General,H.,Kilpatrick,Judson,
NC018,CS,Joseph Wheeler,Major General,Joseph,Wheeler,,
NC018,CS,Wade Hampton,Lieutenant General,Wade,Hampton,,
FL004,US,A. A. Semmes,Lieutenant Commander,A.,Semmes,A.,
FL004,CS,John Westcott,Captain,John,Westcott,,
GA015,US,William T. Sherman,Major General,William,Sherman,T.,
GA015,CS,Joseph E. Johnston,General,Joseph,Johnston,E.,
MS007,US,James B. McPherson,Major General,James,McPherson,B.,
MS007,CS,John Gregg,Brigadier General,John,Gregg,,
NC017,US,John M. Schofield,Major General,John,Schofield,M.,
NC017,CS,Braxton Bragg,General,Braxton,Bragg,,
VA032,US,Joseph Hooker,Major General,Joseph,Hooker,,
VA032,CS,Robert E. Lee,General,Robert,Lee,E.,
VA032,CS,Thomas J. Jackson,Major General,Thomas,Jackson,J.,
AR007,US,William Vandever,Brigadier General,William,Vandever,,
AR007,CS,John S. Marmaduke,Brigadier General,John,Marmaduke,S.,
WV012,US,William W. Averell,Brigadier General,William,Averell,W.,
WV012,CS,John Echols,Brigadier General,John,Echols,,
SC001,US,Robert Anderson,Major,Robert,Anderson,,
SC001,CS,P.G.T. Beauregard,Brigadier General,P.G.T.,Beauregard,,
MO002,US,Franz Sigel,Colonel,Franz,Sigel,,
NC019,US,Henry Slocum,Major General,Henry,Slocum,,
NC019,CS,William Hardee,Lieutenant General,William,Hardee,,
VA101,US,Nathan Kimball,Colonel,Nathan,Kimball,,
VA101,CS,Thomas J. Jackson,Major General,Thomas,Jackson,J.,
NC005,US,Jesse Lee Reno,Brigadier General,Jesse,Reno,Lee,
NC005,CS,Ambrose Wright,Colonel,Ambrose,Wright,,
VA104,US,Nathaniel P. Banks,Major General,Nathaniel,Banks,P.,
VA104,CS,Thomas J. Jackson,Major General,Thomas,Jackson,J.,
VA010,US,George B. McClellan,Major General,George,McClellan,B.,
VA010,CS,James Longstreet,Major General,James,Longstreet,,
VA123,US,Philip Sheridan,Major General,Philip,Sheridan,,
VA123,CS,Jubal A. Early,Lieutenant General,Jubal,Early,A.,
VA118,US,Philip Sheridan,Major General,Philip,Sheridan,,
VA118,CS,Jubal A. Early,Lieutenant General,Jubal,Early,A.,
NC016,US,John M. Schofield,Major General,John,Schofield,M.,
NC016,CS,Braxton Bragg,General,Braxton,Bragg,,
VA028,US,Ambrose E. Burnside,Major General,Ambrose,Burnside,E.,
VA028,CS,Robert E. Lee,General,Robert,Lee,E.,
LA006,US,Nathaniel P. Banks,Major General,Nathaniel,Banks,P.,
LA006,CS,Richard Taylor,Major General,Richard,Taylor,,
MO023,US,James G. Blunt,Major General,James,Blunt,G.,
MO023,CS,Sterling Price,Major General,Sterling,Price,,
MO022,US,Chester Harding,Colonel,Chester,Harding,,
MO022,CS,John B. Clark,Brigadier General,John,Clark,B.,
MO022,CS,Joseph Shelby,Brigadier General,Joseph,Shelby,,
SC010,US,John Hatch,Major General,John,Hatch,,
SC010,CS,Charles Colcock,Colonel,Charles,Colcock,,
VA045,US,J.C. Caldwell,Brigadier General,J.C.,Caldwell,,
VA045,CS,Richard S. Ewell,Lieutenant General,Richard,Ewell,S.,
TN015,US,Edward Bloodgood,Lieutenant Colonel,Edward,Bloodgood,,
TN015,CS,Nathan Bedford Forrest,Brigadier General,Nathan,Forrest,Bedford,
TX006,US,William B. Franklin,Major General,William,Franklin,B.,
TX006,US,Frederick Crocker,Captain (Naval),Frederick,Crocker,,
TX006,CS,Richard W. Dowling,Lieutenant,Richard,Dowling,W.,
MD007,US,Lew Wallace,Major General,Lew,Wallace,,
MD007,CS,Jubal A. Early,Lieutenant General,Jubal,Early,A.,
IN001,US,Lewis Jordan,Brevet Colonel,Lewis,Jordan,,
IN001,CS,John Hunt Morgan,Brigadier General,John,Morgan,Hunt,
VA029,US,William W. Averell,Brigadier General,William,Averell,W.,
VA029,CS,Fitzhugh Lee,Brigadier General,Fitzhugh,Lee,,
NC009,US,John G. Foster,Brigadier General,John,Foster,G.,
NC009,CS,Thomas Clingman,Brigadier General,Thomas,Clingman,,
AR009,US,William F. Cloud,Colonel,William,Cloud,F.,
AR009,CS,W.L. Cabell,Brigadier General,W.L.,Cabell,,
GA019,US,John M. Schofield,Major General,John,Schofield,M.,
GA019,CS,John Bell Hood,General,John,Hood,Bell,
MO013,US,John McNeil,Colonel,John,McNeil,,
MO013,CS,Joseph C. Porter,Colonel,Joseph,Porter,C.,
AR008,US,Benjamin M. Prentiss,Major General,Benjamin,Prentiss,M.,
AR008,CS,Theophilus H. Holmes,Lieutenant General,Theophilus,Holmes,H.,
FL003,US,John M. Brannan,Brigadier General,John,Brannan,M.,
FL003,CS,Charles F. Hopkins,Lieutenant Colonel,Charles,Hopkins,F.,
NC013,US,Melancton Smith,Captain (Naval),Melancton,Smith,,
NC013,CS,J.W. Cooke,Commander,J.W.,Cooke,,
MD006,US,Alfred Pleasonton,Major General,Alfred,Pleasonton,,
MD006,CS,J.E.B. Stuart,Major General,J.E.B.,Stuart,,
VA035,US,Alfred Pleasonton,Major General,Alfred,Pleasonton,,
VA035,CS,J.E.B. Stuart,Major General,J.E.B.,Stuart,,
TX003,US,Isaac S. Burrell,Colonel,Isaac,Burrell,S.,
TX003,US,W.B. Renshaw,Commander,W.B.,Renshaw,,
TX003,CS,John B. Magruder,Major General,John,Magruder,B.,
VA059,US,Alfred Torbert,Brigadier General,Alfred,Torbert,,
VA059,CS,Matthew C. Butler,Brigadier General,Matthew,Butler,C.,
LA018,US,Nathaniel P. Banks,Major General,Nathaniel,Banks,P.,
LA018,CS,Richard Taylor,Major General,Richard,Taylor,,
FL002,US,A.J. Drake,Captain (Naval),A.J.,Drake,,
FL002,CS,John W. Pearson,Captain,John,Pearson,W.,
WV009,US,Jacob D. Cox,Brigadier General,Jacob,Cox,D.,
WV009,CS,Humphery Marshall,Brigadier General,Humphery,Marshall,,
TX001,US,Frederick Crocker,Acting Master,Frederick,Crocker,,
TX001,CS,J.S. Irvine,Major,J.S.,Irvine,,
TN011,US,Jeremiah C. Sullivan,Brigadier General,Jeremiah,Sullivan,C.,
TN011,CS,Nathan Bedford Forrest,Brigadier General,Nathan,Forrest,Bedford,
KY008,US,Cyrus L. Dunham,Colonel,Cyrus,Dunham,L.,
KY008,US,John T. Wilder,Colonel,John,Wilder,T.,
KY008,CS,James R. Chalmers,Brigadier General,James,Chalmers,R.,
KY008,CS,Braxton Bragg,General,Braxton,Bragg,,
LA010,US,Nathaniel P. Banks,Major General,Nathaniel,Banks,P.,
LA010,CS,Franklin Gardner,Major General,Franklin,Gardner,,
LA003,US,Thomas Williams,Brigadier General,Thomas,Williams,,
LA003,CS,John C. Breckinridge,Major General,John,Breckinridge,C.,
PA002,US,George G. Meade,Major General,George,Meade,G.,
PA002,CS,Robert E. Lee,General,Robert,Lee,E.,
SC007,US,Quincy Gillmore,Major General,Quincy,Gillmore,,
SC007,CS,P.G.T. Beauregard,General,P.G.T.,Beauregard,,
AL003,US,David G. Farragut,Rear Admiral,David,Farragut,G.,
AL003,US,Gordon Granger,Major General,Gordon,Granger,,
AL003,CS,Franklin Buchanan,Admiral,Franklin,Buchanan,,
AL003,CS,Richard L. Page,Brigadier General,Richard,Page,L.,
NM001,US,E.R.S. Canby,Colonel,E.R.S.,Canby,,
NM001,CS,Henry Hastings Sibley,Brigadier General,Henry,Sibley,Hastings,
NM001,CS,Tom Green,Colonel,Tom,Green,,
VA081,US,George Stoneman,Major General,George,Stoneman,,
VA081,CS,John C. Breckinridge,Major General,John,Breckinridge,C.,
WV010,US,Dixon S. Miles,Colonel,Dixon,Miles,S.,
WV010,CS,Thomas J. Jackson,Major General,Thomas,Jackson,J.,
TN010,US,William S. Rosecrans,Major General,William,Rosecrans,S.,
TN010,CS,Braxton Bragg,General,Braxton,Bragg,,
VA054,US,Benjamin Butler,Major General,Benjamin,Butler,,
VA054,CS,P.G.T. Beauregard,General,P.G.T.,Beauregard,,
VA031,US,John Peck,Brigadier General,John,Peck,,
VA031,CS,James Longstreet,Lieutenant General,James,Longstreet,,
VA097,US,Ulysses S. Grant,Lieutenant General,Ulysses,Grant,S.,
VA097,CS,Robert E. Lee,General,Robert,Lee,E.,
VA098,US,Quincy Gillmore,Major General,Quincy,Gillmore,,
VA098,CS,P.G.T. Beauregard,General,P.G.T.,Beauregard,,
LA011,US,Hermann Lieb,Colonel,Hermann,Lieb,,
LA011,CS,Henry E. McCulloch,Brigadier General,Henry,McCulloch,E.,
MO009,US,Ulysses S. Grant,Brigadier General,Ulysses,Grant,S.,
MO009,CS,Gideon J. Pillow,Brigadier General,Gideon,Pillow,J.,
SC009,US,Quincy Gillmore,Major General,Quincy,Gillmore,,
SC009,CS,P.G.T. Beauregard,General,P.G.T.,Beauregard,,
WV016,US,Fitz John Porter,Major General,Fitz,Porter,John,
WV016,CS,William Pendleton,Brigadier General,William,Pendleton,,
WV016,CS,A.P. Hill,Major General,A.P.,Hill,,
VA014,US,George B. McClellan,Major General,George,McClellan,B.,
VA014,CS,Joseph E. Johnston,General,Joseph,Johnston,E.,
VA014,CS,Gustavius W. Smith,Major General,Gustavius,Smith,W.,
AL006,US,E.R.S. Canby,Major General,E.R.S.,Canby,,
VA027,US,Philip Kearny,Major General,Philip,Kearny,,
VA027,US,Isaac Stevens,Major General,Isaac,Stevens,,
VA027,CS,Thomas J. Jackson,Major General,Thomas,Jackson,J.,
OH001,US,Edward H. Hobson,Brigadier General,Edward,Hobson,H.,
OH001,CS,John Hunt Morgan,Brigadier General,John,Morgan,Hunt,
OH002,US,James Shackelford,Brigadier General,James,Shackelford,,
OH002,CS,John Hunt Morgan,Brigadier General,John,Morgan,Hunt,
WV008,US,Robert Milroy,Brigadier General,Robert,Milroy,,
WV008,CS,"Edward ""Allegheny"" Johnson",Colonel,Edward,Johnson,,
MS008,US,Ulysses S. Grant,Major General,Ulysses,Grant,S.,
MS008,CS,Joseph E. Johnston,General,Joseph,Johnston,E.,
MS008,CS,John Gregg,Brigadier General,John,Gregg,,
AL007,US,James H. Wilson,Major General,James,Wilson,H.,
AL007,CS,Nathan Bedford Forrest,Lieutenant General,Nathan,Forrest,Bedford,
TN019,US,John W. Foster,Colonel,John,Foster,W.,
TN019,CS,James E. Carter,Colonel,James,Carter,E.,
TN009,US,Adolph Englemann,Colonel,Adolph,Englemann,,
TN009,CS,Nathan Bedford Forrest,Brigadier General,Nathan,Forrest,Bedford,
GA016,US,George H. Thomas,Major General,George,Thomas,H.,
GA016,CS,John Bell Hood,General,John,Hood,Bell,
VA078,US,Alfred H. Terry,Major General,Alfred,Terry,H.,
VA078,CS,Richard Anderson,Lieutenant General,Richard,Anderson,,
VA051,US,Benjamin Butler,Major General,Benjamin,Butler,,
VA051,CS,P.G.T. Beauregard,General,P.G.T.,Beauregard,,
TN012,US,A.C. Harding,Colonel,A.C.,Harding,,
TN012,CS,Joseph Wheeler,Major General,Joseph,Wheeler,,
VA057,US,Ulysses S. Grant,Lieutenant General,Ulysses,Grant,S.,
VA057,US,George G. Meade,Major General,George,Meade,G.,
VA057,CS,Robert E. Lee,General,Robert,Lee,E.,
MS006,US,Ulysses S. Grant,Major General,Ulysses,Grant,S.,
MS006,CS,John S. Bowen,Brigadier General,John,Bowen,S.,
VA107,US,Robert Milroy,Brigadier General,Robert,Milroy,,
VA107,CS,Richard S. Ewell,Lieutenant General,Richard,Ewell,S.,
VA020,US,William Franklin,Major General,William,Franklin,,
VA020,US,George B. McClellan,Major General,George,McClellan,B.,
VA020,CS,Robert E. Lee,General,Robert,Lee,E.,
VA020,CS,Thomas J. Jackson,Major General,Thomas,Jackson,J.,
KS002,US,James B. Pond,Lieutenant,James,Pond,B.,
KS002,US,James G. Blunt,Major General,James,Blunt,G.,
KS002,CS,William C. Quantrill,Lieutenant Colonel,William,Quantrill,C.,
VA012,US,John Rodgers,Commander,John,Rodgers,,
VA012,CS,E. Farrand,Commander,E.,Farrand,,
VA012,CS,William Mahone,Brigadier General,William,Mahone,,
VA012,CS,S. S. Lee,Captain (Naval),S.,Lee,S.,
VA012,CS,John Taylor Wood,Lieutenant,John,Wood,Taylor,
TN037,US,Lovell H. Rousseau,Major General,Lovell,Rousseau,H.,
TN037,US,Robert Milroy,Brigadier General,Robert,Milroy,,
TN037,CS,Nathan Bedford Forrest,Major General,Nathan,Forrest,Bedford,
VA023,US,John Pope,Major General,John,Pope,,
VA023,CS,Thomas J. Jackson,Major General,Thomas,Jackson,J.,
VA056,US,Edward Wild,Brigadier General,Edward,Wild,,
VA056,CS,Fitzhugh Lee,Major General,Fitzhugh,Lee,,
VA044,US,George G. Meade,Major General,George,Meade,G.,
VA044,CS,Robert E. Lee,General,Robert,Lee,E.,
VA092,US,John Gibbon,Major General,John,Gibbon,,
VA092,CS,James Longstreet,Lieutenant General,James,Longstreet,,
VA085,US,G.K. Warren,Major General,G.K.,Warren,,
VA085,CS,Bushrod R. Johnson,Major General,Bushrod,Johnson,R.,
WV013,US,William W. Averell,Brigadier General,William,Averell,W.,
WV013,CS,John McCausland,Brigadier General,John,McCausland,,
TN020,US,Ambrose E. Burnside,Major General,Ambrose,Burnside,E.,
TN020,CS,John S. Williams,Brigadier General,John,Williams,S.,
LA007,US,Cuvier Grover,Brigadier General,Cuvier,Grover,,
LA007,CS,Richard Taylor,Major General,Richard,Taylor,,
TN003,US,Ulysses S. Grant,Major General,Ulysses,Grant,S.,
TN003,US,Don Carlos Buell,Major General,Don,Buell,Carlos,
TN003,CS,Albert Sidney Johnston,General,Albert,Johnston,Sidney,
TN003,CS,P.G.T. Beauregard,General,P.G.T.,Beauregard,,
TN024,US,Ulysses S. Grant,Major General,Ulysses,Grant,S.,
TN024,CS,Braxton Bragg,General,Braxton,Bragg,,
VA016,US,Fitz John Porter,Brigadier General,Fitz,Porter,John,
VA016,CS,Robert E. Lee,General,Robert,Lee,E.,
VA063,US,Ulysses S. Grant,Lieutenant General,Ulysses,Grant,S.,
VA063,US,George G. Meade,Major General,George,Meade,G.,
VA063,CS,Robert E. Lee,General,Robert,Lee,E.,
VA063,CS,P.G.T. Beauregard,General,P.G.T.,Beauregard,,
GA018,US,Oliver O. Howard,Major General,Oliver,Howard,O.,
GA018,CS,John Bell Hood,General,John,Hood,Bell,
VA065,US,Ulysses S. Grant,Lieutenant General,Ulysses,Grant,S.,
VA065,US,George G. Meade,Major General,George,Meade,G.,
VA065,CS,Robert E. Lee,General,Robert,Lee,E.,
VA071,US,Winfield Scott Hancock,Major General,Winfield,Hancock,Scott,
VA071,CS,Robert E. Lee,General,Robert,Lee,E.,
VA071,CS,Charles Field,Major General,Charles,Field,,
KY006,US,George H. Thomas,Brigadier General,George,Thomas,H.,
KY006,CS,George B. Crittenden,Major General,George,Crittenden,B.,
VA106,US,Erastus Tyler,Brigadier General,Erastus,Tyler,,
VA106,CS,Thomas J. Jackson,Major General,Thomas,Jackson,J.,
TN004,US,Charles H. Davis,Flag Officer,Charles,Davis,H.,
TN004,US,Charles Ellet,Colonel,Charles,Ellet,,
TN004,CS,James E. Montgomery,Captain (Naval),James,Montgomery,E.,
TN004,CS,M. Jeff Thompson,Brigadier General,M.,Thompson,Jeff,
GA005,US,Joseph Hooker,Major General,Joseph,Hooker,,
GA005,CS,Patrick R. Cleburne,Major General,Patrick,Cleburne,R.,
MS014,US,Samuel D. Sturgis,Brigadier General,Samuel,Sturgis,D.,
MS014,CS,Nathan Bedford Forrest,Major General,Nathan,Forrest,Bedford,
TN032,US,C.R. Thompson,Colonel,C.R.,Thompson,,
TN032,US,Edward M. King,Lieutenant Commander,Edward,King,M.,
TN032,CS,Nathan Bedford Forrest,Major General,Nathan,Forrest,Bedford,
VA019,US,Edwin Sumner,Major General,Edwin,Sumner,,
VA019,CS,John B. Magruder,Major General,John,Magruder,B.,
SC005,US,Qunicy Gillmore,Brigadier General,Qunicy,Gillmore,,
SC005,CS,P.G.T. Beauregard,General,P.G.T.,Beauregard,,
WV007,US,Joseph Reynolds,Brigadier General,Joseph,Reynolds,,
WV007,CS,Henry R. Jackson,Brigadier General,Henry,Jackson,R.,
VA103,US,John R. Kenly,Colonel,John,Kenly,R.,
VA103,CS,Thomas J. Jackson,Major General,Thomas,Jackson,J.,
MO018,US,Egbert B. Brown,Brigadier General,Egbert,Brown,B.,
MO018,CS,John S. Marmaduke,Brigadier General,John,Marmaduke,S.,
MO021,US,Thomas Ewing Jr.,Brigadier General,Thomas,Ewing,,Jr.
MO021,CS,Sterling Price,Major General,Sterling,Price,,
KY009,US,Don Carlos Buell,Major General,Don,Buell,Carlos,
KY009,CS,Braxton Bragg,General,Braxton,Bragg,,
NC012,US,Henry W. Wessells,Colonel,Henry,Wessells,W.,
NC012,CS,Robert Hoke,Major General,Robert,Hoke,,
NC004,US,John G. Parke,Brigadier General,John,Parke,G.,
NC004,CS,Moses J. White,Lieutenant Colonel,Moses,White,J.,
GA011,US,William T. Sherman,Major General,William,Sherman,T.,
GA011,CS,Joseph E. Johnston,General,Joseph,Johnston,E.,
VA067,US,James H. Wilson,Brigadier General,James,Wilson,H.,
VA067,US,August Kautz,Brigadier General,August,Kautz,,
VA067,CS,Wade Hampton,Major General,Wade,Hampton,,
AL001,US,Abel Streight,Colonel,Abel,Streight,,
AL001,CS,Nathan Bedford Forrest,Brigadier General,Nathan,Forrest,Bedford,
VA053,US,Benjamin Butler,Major General,Benjamin,Butler,,
VA053,CS,P.G.T. Beauregard,General,P.G.T.,Beauregard,,
AR017,US,Joseph A. Mower,Brigadier General,Joseph,Mower,A.,
AR017,CS,Colton Greene,Colonel,Colton,Greene,,
AL004,US,Robert S. Granger,Brigadier General,Robert,Granger,S.,
AL004,CS,John Bell Hood,General,John,Hood,Bell,
MD004,US,George G. Meade,Major General,George,Meade,G.,
MD004,CS,Robert E. Lee,General,Robert,Lee,E.,
OK003,I,Opothleyahola,Chief,Opothleyahola,,,
OK003,CS,James McQueen McIntosh,Colonel,James,McIntosh,McQueen,
VA073,US,Winfield Scott Hancock,Major General,Winfield,Hancock,Scott,
VA073,CS,Henry Heth,Major General,Henry,Heth,,
VA050,US,Benjamin Butler,Major General,Benjamin,Butler,,
VA050,CS,P.G.T. Beauregard,General,P.G.T.,Beauregard,,
WV003,US,George B. McClellan,Major General,George,McClellan,B.,
WV003,US,William S. Rosecrans,Brigadier General,William,Rosecrans,S.,
WV003,CS,John Pegram,Lieutenant Colonel,John,Pegram,,
WV003,CS,Robert S. Garnett,Brigadier General,Robert,Garnett,S.,
MO008,US,James Zagonyi,Major,James,Zagonyi,,
MO008,CS,James Frazier,Colonel,James,Frazier,,
VA075,US,Benjamin Butler,Major General,Benjamin,Butler,,
VA075,CS,Robert E. Lee,General,Robert,Lee,E.,
VA075,CS,Richard S. Ewell,Lieutenant General,Richard,Ewell,S.,
KY004,US,August Willich,Colonel,August,Willich,,
KY004,CS,Thomas C. Hindman,Brigadier General,Thomas,Hindman,C.,
OK001,I,Opothleyahola,Chief,Opothleyahola,,,
OK001,CS,Douglas H. Cooper,Colonel,Douglas,Cooper,H.,
TN001,US,Ulysses S. Grant,Brigadier General,Ulysses,Grant,S.,
TN001,US,Andrew H. Foote,Flag Officer,Andrew,Foote,H.,
TN001,CS,Lloyd Tilghman,Brigadier General,Lloyd,Tilghman,,
TN017,US,George H. Thomas,Major General,George,Thomas,H.,
TN017,CS,Alexander P. Stewart,Major General,Alexander,Stewart,P.,
MO017,US,Hiram E. Barstow,Captain,Hiram,Barstow,E.,
MO017,CS,John Q. Burbridge,Colonel,John,Burbridge,Q.,
MO017,CS,Colton Greene,Colonel,Colton,Greene,,
GA028,US,William B. Hazen,Brigadier General,William,Hazen,B.,
GA028,CS,George A. Anderson,Major,George,Anderson,A.,
GA026,US,H. Judson Kilpatrick,Brigadier General,H.,Kilpatrick,Judson,
GA026,CS,Joseph Wheeler,Major General,Joseph,Wheeler,,
TN027,US,Samuel D. Sturgis,Brigadier General,Samuel,Sturgis,D.,
TN027,CS,William T. Martin,Major General,William,Martin,T.,
MO027,US,Samuel R. Curtis,Major General,Samuel,Curtis,R.,
MO027,CS,Sterling Price,Major General,Sterling,Price,,
MN002,I,Little Crow,Chief,Little,Crow,,
MN002,US,Henry Hastings Sibley,Colonel,Henry,Sibley,Hastings,
VA024,US,G.W. Taylor,Brigadier General,G.W.,Taylor,,
VA024,CS,Thomas J. Jackson,Major General,Thomas,Jackson,J.,
VA038,US,Alfred Pleasonton,Major General,Alfred,Pleasonton,,
VA038,CS,Wade Hampton,Brigadier General,Wade,Hampton,,
VA038,CS,Beverly Robertson,Brigadier General,Beverly,Robertson,,
NC007,US,John G. Foster,Brigadier General,John,Foster,G.,
NC007,CS,Nathan Evans,Brigadier General,Nathan,Evans,,
TN029,US,Samuel D. Sturgis,Brigadier General,Samuel,Sturgis,D.,
TN029,US,Edward M. McCook,Colonel,Edward,McCook,M.,
TN029,CS,William T. Martin,Major General,William,Martin,T.,
GA017,US,William T. Sherman,Major General,William,Sherman,T.,
GA017,CS,John Bell Hood,General,John,Hood,Bell,
VA117,US,Wesley Merritt,Brigadier General,Wesley,Merritt,,
VA117,CS,Richard Anderson,Lieutenant General,Richard,Anderson,,
TX005,US,Theodore H. Barrett,Colonel,Theodore,Barrett,H.,
TX005,CS,"John S. ""Rip"" Ford",Colonel,John,Ford,S.,
VA026,US,John Pope,Major General,John,Pope,,
VA026,CS,Robert E. Lee,General,Robert,Lee,E.,
VA026,CS,Thomas J. Jackson,Major General,Thomas,Jackson,J.,
WV004,US,Erastus Tyler,Colonel,Erastus,Tyler,,
WV004,CS,John Floyd,Brigadier General,John,Floyd,,
GA014,US,John M. Schofield,Major General,John,Schofield,M.,
GA014,US,Joseph Hooker,Major General,Joseph,Hooker,,
GA014,CS,John Bell Hood,Lieutenant General,John,Hood,Bell,
GA023,US,John M. Corse,Brigadier General,John,Corse,M.,
GA023,CS,Samuel G. French,Major General,Samuel,French,G.,
VA025,US,James Ricketts,Brigadier General,James,Ricketts,,
VA025,CS,James Longstreet,Lieutenant General,James,Longstreet,,
VA087,US,G.K. Warren,Major General,G.K.,Warren,,
VA087,CS,Robert E. Lee,General,Robert,Lee,E.,
VA087,CS,Richard Anderson,Lieutenant General,Richard,Anderson,,
VA006,US,Charles P. Stone,Brigadier General,Charles,Stone,P.,
VA006,US,Edward Baker,Colonel,Edward,Baker,,
VA006,CS,Nathan Evans,Brigadier General,Nathan,Evans,,
VA091,US,George Crook,Major General,George,Crook,,
VA091,CS,Thomas Rosser,Major General,Thomas,Rosser,,
VA091,CS,Fitzhugh Lee,Major General,Fitzhugh,Lee,,
VA037,US,David M. Gregg,Brigadier General,David,Gregg,M.,
VA037,CS,J.E.B. Stuart,Major General,J.E.B.,Stuart,,
GA025,US,Charles C. Walcutt,Brigadier General,Charles,Walcutt,C.,
GA025,CS,Pleasant J. Philips,Brigadier General,Pleasant,Philips,J.,
GA025,CS,Joseph Wheeler,Major General,Joseph,Wheeler,,
TN016,US,Gordon Granger,Major General,Gordon,Granger,,
TN016,CS,Earl Van Dorn,Major General,Earl,Van Dorn,,
OK004,US,James G. Blunt,Brigadier General,James,Blunt,G.,
OK004,CS,Douglas H. Cooper,Colonel,Douglas,Cooper,H.,
TN023,US,Ambrose E. Burnside,Major General,Ambrose,Burnside,E.,
TN023,CS,James Longstreet,Lieutenant General,James,Longstreet,,
VA034,US,John Sedgwick,Major General,John,Sedgwick,,
VA034,CS,Jubal A. Early,Major General,Jubal,Early,A.,
VA062,US,Ulysses S. Grant,Lieutenant General,Ulysses,Grant,S.,
VA062,US,George G. Meade,Major General,George,Meade,G.,
VA062,CS,Robert E. Lee,General,Robert,Lee,E.,
VA113,US,James H. Wilson,Brigadier General,James,Wilson,H.,
VA113,US,August Kautz,Brigadier General,August,Kautz,,
VA113,CS,"William H.F. ""Rooney"" Lee",Major General,William,Lee,H.F.,
VA002,US,James H. Ward,Commander,James,Ward,H.,
VA002,CS,Daniel Ruggles,Colonel,Daniel,Ruggles,,
VA094,US,A.A. Humphreys,Major General,A.A.,Humphreys,,
VA094,CS,Robert E. Lee,General,Robert,Lee,E.,
VA095,US,T. Read,Colonel,T.,Read,,
VA022,US,Nathaniel P. Banks,Major General,Nathaniel,Banks,P.,
VA022,CS,Thomas J. Jackson,Major General,Thomas,Jackson,J.,
MO019,US,Samuel Merrill,Colonel,Samuel,Merrill,,
MO019,CS,John S. Marmaduke,Brigadier General,John,Marmaduke,S.,
VA100,US,R.H. Wyman,Lieutenant,R.H.,Wyman,,
VA100,CS,Samuel G. French,Brigadier General,Samuel,French,G.,
VA009,US,George B. McClellan,Major General,George,McClellan,B.,
VA009,CS,John B. Magruder,Major General,John,Magruder,B.,
VA009,CS,Joseph E. Johnston,General,Joseph,Johnston,E.,
VA121,US,Alfred Torbert,Brigadier General,Alfred,Torbert,,
VA121,CS,Thomas Rosser,Major General,Thomas,Rosser,,
MD001,US,F.W. Lander,Brigadier General,F.W.,Lander,,
MD001,CS,Thomas J. Jackson,Major General,Thomas,Jackson,J.,
MS004,US,David D. Porter,Rear Admiral,David,Porter,D.,
MS004,CS,John S. Bowen,Brigadier General,John,Bowen,S.,
GA020,US,James B. Steedman,Major General,James,Steedman,B.,
GA020,CS,Joseph Wheeler,Major General,Joseph,Wheeler,,
VA017,US,Fitz John Porter,Brigadier General,Fitz,Porter,John,
VA017,CS,Robert E. Lee,General,Robert,Lee,E.,
VA110,US,Franz Sigel,Major General,Franz,Sigel,,
VA110,CS,John C. Breckinridge,Major General,John,Breckinridge,C.,
WV014,US,Philip Sheridan,Major General,Philip,Sheridan,,
WV014,CS,Jubal A. Early,Lieutenant General,Jubal,Early,A.,
LA002,US,David G. Farragut,Flag Officer,David,Farragut,G.,
LA002,US,Benjamin Franklin Butler,Major General,Benjamin,Butler,Franklin,
LA002,CS,Mansfield Lovell,Major General,Mansfield,Lovell,,
MS002,US,William S. Rosecrans,Major General,William,Rosecrans,S.,
MS002,CS,Earl Van Dorn,Major General,Earl,Van Dorn,,
NC008,US,John G. Foster,Brigadier General,John,Foster,G.,
NC008,CS,Beverly Robertson,Brigadier General,Beverly,Robertson,,
GA006,US,George H. Thomas,Major General,George,Thomas,H.,
GA006,CS,Joseph E. Johnston,General,Joseph,Johnston,E.,
VA083,US,A.A. Humphreys,Major General,A.A.,Humphreys,,
VA083,US,G.K. Warren,Major General,G.K.,Warren,,
VA083,CS,John B. Gordon,Major General,John,Gordon,B.,
VA005,US,Irvin McDowell,Brigadier General,Irvin,McDowell,,
VA005,CS,Joseph E. Johnston,Brigadier General,Joseph,Johnston,E.,
VA005,CS,P.G.T. Beauregard,Brigadier General,P.G.T.,Beauregard,,
VA109,US,William W. Averell,Brigadier General,William,Averell,W.,
VA109,CS,William E. Jones,Brigadier General,William,Jones,E.,
VA122,US,Horatio Wright,Major General,Horatio,Wright,,
VA122,US,Philip Sheridan,Major General,Philip,Sheridan,,
VA122,CS,Jubal A. Early,Lieutenant General,Jubal,Early,A.,
GA010,US,William T. Sherman,Major General,William,Sherman,T.,
GA010,US,Joseph Hooker,Major General,Joseph,Hooker,,
GA010,CS,Joseph E. Johnston,General,Joseph,Johnston,E.,
TN014,US,Albert S. Hall,Colonel,Albert,Hall,S.,
TN014,CS,John Hunt Morgan,Brigadier General,John,Morgan,Hunt,
WV005,US,Joseph Reynolds,Brigadier General,Joseph,Reynolds,,
WV005,CS,Robert E. Lee,General,Robert,Lee,E.,
WV005,CS,Albert Rust,Colonel,Albert,Rust,,
NC015,US,David D. Porter,Rear Admiral,David,Porter,D.,
NC015,US,Alfred Terry,Major General,Alfred,Terry,,
NC015,CS,Braxton Bragg,General,Braxton,Bragg,,
NC015,CS,Robert Hoke,Major General,Robert,Hoke,,
NC015,CS,Charles Lamb,Colonel,Charles,Lamb,,
TN005,US,James Negley,Brigadier General,James,Negley,,
TN005,CS,E. Kirby Smith,Major General,E.,Smith,Kirby,
TN007,US,Edward O.C. Ord,Major General,Edward,Ord,O.C.,
TN007,US,Stephen A. Hurlbut,Major General,Stephen,Hurlbut,A.,
TN007,CS,Earl Van Dorn,Major General,Earl,Van Dorn,,
KY005,US,James Garfield,Colonel,James,Garfield,,
KY005,CS,Humphrey Marshall,Brigadier General,Humphrey,Marshall,,
VA033,US,John Sedgwick,Major General,John,Sedgwick,,
VA033,CS,Robert E. Lee,General,Robert,Lee,E.,
TN022,US,Edward Hatch,Colonel,Edward,Hatch,,
TN022,CS,James R. Chalmers,Brigadier General,James,Chalmers,R.,
ND001,I,Inkpaduta,Chief,Inkpaduta,,,
ND001,US,Henry Hastings Sibley,Brigadier General,Henry,Sibley,Hastings,
VA108,US,William H. French,Major General,William,French,H.,
VA108,CS,Richard Anderson,Major General,Richard,Anderson,,
KS004,US,Alfred Pleasonton,Major General,Alfred,Pleasonton,,
KS004,CS,John S. Marmaduke,Major General,John,Marmaduke,S.,
KS004,CS,James F. Fagan,Major General,James,Fagan,F.,
TN021,US,Joseph Hooker,Major General,Joseph,Hooker,,
TN021,CS,Micah Jenkins,Brigadier General,Micah,Jenkins,,
VA120,US,Philip Sheridan,Major General,Philip,Sheridan,,
VA120,CS,Jubal A. Early,Lieutenant General,Jubal,Early,A.,
LA009,US,Christopher C. Augur,Major General,Christopher,Augur,C.,
LA009,CS,Frank P. Powers,Colonel,Frank,Powers,P.,
LA009,CS,William R. Miles,Colonel,William,Miles,R.,
DC001,US,Horatio G. Wright,Major General,Horatio,Wright,G.,
DC001,US,Alexander McDowell McCook,Major General,Alexander,McCook,McDowell,
DC001,CS,Jubal A. Early,Lieutenant General,Jubal,Early,A.,
NC001,US,Benjamin Butler,Major General,Benjamin,Butler,,
NC001,CS,William F. Martin,Colonel,William,Martin,F.,
VA020A,US,William B. Franklin,Major General,William,Franklin,B.,
VA020A,CS,Thomas J. Jackson,Major General,Thomas,Jackson,J.,
GA009,US,William T. Sherman,Major General,William,Sherman,T.,
GA009,CS,Joseph E. Johnston,General,Joseph,Johnston,E.,
VA039,US,William H. French,Major General,William,French,H.,
VA039,CS,J.E.B. Stuart,Major General,J.E.B.,Stuart,,
AR015,US,Francis Drake,Lieutenant Colonel,Francis,Drake,,
AR015,CS,James B. Fagan,Brigadier General,James,Fagan,B.,
MO026,US,James G. Blunt,Major General,James,Blunt,G.,
MO026,US,Alfred Pleasonton,Major General,Alfred,Pleasonton,,
MO026,CS,Joseph Shelby,Brigadier General,Joseph,Shelby,,
MO026,CS,John S. Marmaduke,Brigadier General,John,Marmaduke,S.,
TN018,US,John T. Wilder,Colonel,John,Wilder,T.,
LA014,US,Alfred W. Ellet,Brigadier General,Alfred,Ellet,W.,
LA014,CS,William H. Parsons,Colonel,William,Parsons,H.,
VA072,US,G.K. Warren,Major General,G.K.,Warren,,
VA072,CS,Robert E. Lee,General,Robert,Lee,E.,
VA072,CS,A.P. Hill,Lieutenant General,A.P.,Hill,,
VA072,CS,Henry Heth,Major General,Henry,Heth,,
VA072,CS,William Mahone,Major General,William,Mahone,,
MO007,US,J.B. Plummer,Colonel,J.B.,Plummer,,
MO007,US,William P. Carlin,Colonel,William,Carlin,P.,
MO007,CS,M. Jeff Thompson,Brigadier General,M.,Thompson,Jeff,
GA001,US,David Hunter,Major General,David,Hunter,,
GA001,US,Quincy A. Gillmore,Captain,Quincy,Gillmore,A.,
GA001,CS,Charles H. Olmstead,Colonel,Charles,Olmstead,H.,
VA076,US,Stephen Burbridge,Brigadier General,Stephen,Burbridge,,
VA076,CS,Alfred E. Jackson,Brigadier General,Alfred,Jackson,E.,
MS011,US,Ulysses S. Grant,Major General,Ulysses,Grant,S.,
MS011,CS,John C. Pemberton,Lieutenant General,John,Pemberton,C.,
LA016,US,Napoleon J.T. Dana,Major General,Napoleon,Dana,J.T.,
LA016,CS,Tom Green,Brigadier General,Tom,Green,,
AR002,US,Graham N. Fitch,Colonel,Graham,Fitch,N.,
AR002,US,Augustus H. Kilty,Commander,Augustus,Kilty,H.,
WV006,US,William S. Rosecrans,Brigadier General,William,Rosecrans,S.,
WV006,CS,John Floyd,Brigadier General,John,Floyd,,
ND005,I,Inkpaduta,Chief,Inkpaduta,,,
ND005,US,Alfred Sully,Brigadier General,Alfred,Sully,,
MS013,US,William Sooy Smith,Brigadier General,William,Smith,Sooy,
MS013,CS,Nathan Bedford Forrest,Major General,Nathan,Forrest,Bedford,
GA022,US,William T. Sherman,Major General,William,Sherman,T.,
GA022,CS,William J. Hardee,Lieutenant General,William,Hardee,J.,
MO006,US,James A. Mulligan,Colonel,James,Mulligan,A.,
MO006,CS,Sterling Price,Major General,Sterling,Price,,
LA022,US,Nathaniel P. Banks,Major General,Nathaniel,Banks,P.,
LA022,CS,Richard Taylor,Major General,Richard,Taylor,,
MS003,US,William T. Sherman,Major General,William,Sherman,T.,
MS003,CS,John C. Pemberton,Lieutenant General,John,Pemberton,C.,
ND002,I,Inkpaduta,Chief,Inkpaduta,,,
ND002,US,Henry Hastings Sibley,Brigadier General,Henry,Sibley,Hastings,
VA125,US,H. Judson Kilpatrick,Brigadier General,H.,Kilpatrick,Judson,
VA125,US,Ulric Dahlgren,Colonel,Ulric,Dahlgren,,
VA125,CS,Wade Hampton,Major General,Wade,Hampton,,
MD008,US,Benjamin F. Kelly,Brigadier General,Benjamin,Kelly,F.,
MD008,CS,John McCausland,Brigadier General,John,McCausland,,
NC020,US,William T. Sherman,Major General,William,Sherman,T.,
NC020,US,Henry Slocum,Major General,Henry,Slocum,,
NC020,CS,Joseph E. Johnston,General,Joseph,Johnston,E.,
FL006,US,John Newton,Major General,John,Newton,,
FL006,CS,Sam Jones,Major General,Sam,Jones,,
VA030,US,John Peck,Brigadier General,John,Peck,,
VA030,CS,James Longstreet,Lieutenant General,James,Longstreet,,
CO001,US,John Chivington,Colonel,John,Chivington,,
GA021,US,H. Judson Kilpatrick,Brigadier General,H.,Kilpatrick,Judson,
GA021,CS,William H. Jackson,Brigadier General,William,Jackson,H.,
FL001,US,Harvey Brown,Colonel,Harvey,Brown,,
VA007,US,Edward O.C. Ord,Brigadier General,Edward,Ord,O.C.,
VA007,CS,J.E.B. Stuart,Brigadier General,J.E.B.,Stuart,,
VA089,US,Ulysses S. Grant,Lieutenant General,Ulysses,Grant,S.,
VA089,CS,Robert E. Lee,General,Robert,Lee,E.,
TX002,US,W.B. Renshaw,Commander,W.B.,Renshaw,,
TX002,CS,Joseph J. Cook,Colonel,Joseph,Cook,J.,
TX002,CS,X.B. Debray,Colonel,X.B.,Debray,,
VA084,US,John G. Parke,Major General,John,Parke,G.,
VA084,CS,Robert E. Lee,General,Robert,Lee,E.,
VA084,CS,John B. Gordon,Major General,John,Gordon,B.,
ND003,I,Inkpaduta,Chief,Inkpaduta,,,
ND003,US,Henry Hastings Sibley,Brigadier General,Henry,Sibley,Hastings,
VA052,US,Philip Sheridan,Major General,Philip,Sheridan,,
VA052,CS,J.E.B. Stuart,Major General,J.E.B.,Stuart,,
MO003,US,John Scott,Lieutenant Colonel,John,Scott,,
LA001,US,David G. Farragut,Flag Officer,David,Farragut,G.,
LA001,CS,Johnson K. Duncan,Brigadier General,Johnson,Duncan,K.,
LA001,CS,John K. Mitchell,Commander,John,Mitchell,K.,
KY007,US,William Nelson,Major General,William,Nelson,,
KY007,CS,E. Kirby Smith,Major General,E.,Smith,Kirby,
MS012,US,William T. Sherman,Major General,William,Sherman,T.,
MS012,CS,Leonidas Polk,Lieutenant General,Leonidas,Polk,,
SC006,US,Alfred H. Terry,Brigadier General,Alfred,Terry,H.,
SC006,CS,Johnson Hagood,Brigadier General,Johnson,Hagood,,
GA002,US,P. Drayton,Captain (Naval),P.,Drayton,,
GA002,CS,George A. Anderson,Captain,George,Anderson,A.,
SC003,US,A.C. Rhind,Lieutenant,A.C.,Rhind,,
SC003,CS,James McCullough,Colonel,James,McCullough,,
KY010,US,Stephen G. Hicks,Colonel,Stephen,Hicks,G.,
KY010,US,James W. Shirk,Lieutenant Commander,James,Shirk,W.,
KY010,CS,Nathan Bedford Forrest,Major General,Nathan,Forrest,Bedford,
ND004,I,Inkpaduta,Chief,Inkpaduta,,,
ND004,US,Alfred Sully,Brigadier General,Alfred,Sully,,
TN038,US,George H. Thomas,Major General,George,Thomas,H.,
TN038,CS,John Bell Hood,General,John,Hood,Bell,
TN036,US,John M. Schofield,Major General,John,Schofield,M.,
TN036,CS,John Bell Hood,General,John,Hood,Bell,
OK006,US,James M. Williams,Colonel,James,Williams,M.,
OK006,CS,Stand Watie,Colonel,Stand,Watie,,
NC002,US,Ambrose E. Burnside,Brigadier General,Ambrose,Burnside,E.,
NC002,CS,Henry Wise,Brigadier General,Henry,Wise,,
MO004,US,Nathaniel Lyon,Brigadier General,Nathaniel,Lyon,,
MO004,US,Samuel D. Sturgis,Major General,Samuel,Sturgis,D.,
VA077,US,August Kautz,Brigadier General,August,Kautz,,
VA077,US,David Birney,Major General,David,Birney,,
VA077,CS,Robert E. Lee,General,Robert,Lee,E.,
AR001,US,Samuel R. Curtis,Brigadier General,Samuel,Curtis,R.,
AR001,CS,Earl Van Dorn,Major General,Earl,Van Dorn,,
AR003,US,Charles Hovey,Colonel,Charles,Hovey,,
AR003,US,William P. Benton,Brigadier General,William,Benton,P.,
AR003,CS,Thomas C. Hindman,Major General,Thomas,Hindman,C.,
AR003,CS,William H. Parsons,Colonel,William,Parsons,H.,
NM002,US,John Chivington,Major,John,Chivington,,
NM002,US,John P. Slough,Colonel,John,Slough,P.,
NM002,CS,Charles L. Pyron,Major,Charles,Pyron,L.,
NM002,CS,William R. Scurry,Lieutenant Colonel,William,Scurry,R.,
